<?xml version="1.0" encoding="UTF-8"?>
<project-private xmlns="http://www.netbeans.org/ns/project-private/1">
    <editor-bookmarks xmlns="http://www.netbeans.org/ns/editor-bookmarks/2" lastBookmarkId="0"/>
    <open-files xmlns="http://www.netbeans.org/ns/projectui-open-files/2">
        <group>
            <file>file:/D:/MOB1014_27_BuiMinhQuang/MOB1014_DEMO_SLIDE/MOB1014_S5_ArrayList/src/S5_MangNangCao/S5_MangNangCao.java</file>
            <file>file:/D:/MOB1014_27_BuiMinhQuang/MOB1014_DEMO_SLIDE/MOB1014_S5_ArrayList/src/S5_MangNangCao/MainMang.java</file>
            <file>file:/D:/MOB1014_27_BuiMinhQuang/MOB1014_DEMO_SLIDE/MOB1014_S5_ArrayList/src/S5_1.java</file>
        </group>
    </open-files>
</project-private>
