<?xml version="1.0" encoding="UTF-8"?>
<project-private xmlns="http://www.netbeans.org/ns/project-private/1">
    <editor-bookmarks xmlns="http://www.netbeans.org/ns/editor-bookmarks/2" lastBookmarkId="0"/>
    <open-files xmlns="http://www.netbeans.org/ns/projectui-open-files/2">
        <group>
            <file>file:/C:/Users/buimi/OneDrive/Documents/NetBeansProjects/Lab4_PS28437_BuiMinhQuang/src/MOB1014_Lab4/BaiTapThem/Sach.java</file>
            <file>file:/C:/Users/buimi/OneDrive/Documents/NetBeansProjects/Lab4_PS28437_BuiMinhQuang/src/MOB1014_Lab4/BaiTapThem/mainSach.java</file>
            <file>file:/C:/Users/buimi/OneDrive/Documents/NetBeansProjects/Lab4_PS28437_BuiMinhQuang/src/MOB1014_Lab4/SanPham.java</file>
        </group>
    </open-files>
</project-private>
