<?xml version="1.0" encoding="UTF-8"?>
<project-private xmlns="http://www.netbeans.org/ns/project-private/1">
    <editor-bookmarks xmlns="http://www.netbeans.org/ns/editor-bookmarks/2" lastBookmarkId="0"/>
    <open-files xmlns="http://www.netbeans.org/ns/projectui-open-files/2">
        <group>
            <file>file:/D:/MOB1014_27_BuiMinhQuang/MOB1014_DEMO_SLIDE/ASM_FINAL/src/ASM_FINAL/Bai2.java</file>
            <file>file:/D:/MOB1014_27_BuiMinhQuang/MOB1014_DEMO_SLIDE/ASM_FINAL/src/ASM_FINAL/Bai1.java</file>
            <file>file:/D:/MOB1014_27_BuiMinhQuang/MOB1014_DEMO_SLIDE/ASM_FINAL/src/ASM_FINAL/Bai3.java</file>
            <file>file:/D:/MOB1014_27_BuiMinhQuang/MOB1014_DEMO_SLIDE/ASM_FINAL/src/ASM_FINAL/SanPham.java</file>
        </group>
    </open-files>
</project-private>
